{
  "band.tapered|/home/nathan/jewelryai/components/advanced_shanks/advanced_01.glb|1773523288000000000|448260": {
    "bottom_midpoint": [
      4.656612873077393e-10,
      -0.009768678806722164,
      -2.3673055693507195e-07
    ],
    "bounds_max": [
      0.010464685969054699,
      0.01110961101949215,
      0.0012497312854975462
    ],
    "bounds_min": [
      -0.010464685037732124,
      -0.009768678806722164,
      -0.0012502047466114163
    ],
    "midpoint": [
      4.656612873077393e-10,
      0.0006704661063849926,
      -2.3673055693507195e-07
    ],
    "top_midpoint": [
      4.656612873077393e-10,
      0.01110961101949215,
      -2.3673055693507195e-07
    ]
  },
  "band.tapered|/home/nathan/jewelryai/components/advanced_shanks/advanced_03.glb|1773523459000000000|420020": {
    "bottom_midpoint": [
      3.923196345567703e-06,
      -0.010437224991619587,
      -2.4882610887289047e-06
    ],
    "bounds_max": [
      0.010447485372424126,
      0.011192705482244492,
      0.003666814649477601
    ],
    "bounds_min": [
      -0.01043963897973299,
      -0.010437224991619587,
      -0.003671791171655059
    ],
    "midpoint": [
      3.923196345567703e-06,
      0.0003777402453124523,
      -2.4882610887289047e-06
    ],
    "top_midpoint": [
      3.923196345567703e-06,
      0.011192705482244492,
      -2.4882610887289047e-06
    ]
  },
  "band.tapered|/home/nathan/jewelryai/components/cathedral_shanks/cathedral_01.glb|1773522561000000000|915892": {
    "bottom_midpoint": [
      1.257285475730896e-08,
      -0.010174999944865704,
      0.0
    ],
    "bounds_max": [
      0.010174927301704884,
      0.012746782973408699,
      0.0020000000949949026
    ],
    "bounds_min": [
      -0.010174902155995369,
      -0.010174999944865704,
      -0.0020000000949949026
    ],
    "midpoint": [
      1.257285475730896e-08,
      0.0012858915142714977,
      0.0
    ],
    "top_midpoint": [
      1.257285475730896e-08,
      0.012746782973408699,
      0.0
    ]
  },
  "band.tapered|/home/nathan/jewelryai/components/classic_shanks/classic_01.glb|1773519261000000000|291676": {
    "bottom_midpoint": [
      0.0,
      -0.01067500002682209,
      0.0
    ],
    "bounds_max": [
      0.010674956254661083,
      0.01067500002682209,
      0.001999716507270932
    ],
    "bounds_min": [
      -0.010674956254661083,
      -0.01067500002682209,
      -0.001999716507270932
    ],
    "midpoint": [
      0.0,
      0.0,
      0.0
    ],
    "top_midpoint": [
      0.0,
      0.01067500002682209,
      0.0
    ]
  },
  "band.tapered|/home/nathan/jewelryai/components/classic_shanks/classic_03.glb|1773519919000000000|2387512": {
    "bottom_midpoint": [
      0.0,
      -0.010174999944865704,
      0.0
    ],
    "bounds_max": [
      0.010171621106564999,
      0.01020286325365305,
      0.0012499999720603228
    ],
    "bounds_min": [
      -0.010171621106564999,
      -0.010174999944865704,
      -0.0012499999720603228
    ],
    "midpoint": [
      0.0,
      1.3931654393672943e-05,
      0.0
    ],
    "top_midpoint": [
      0.0,
      0.01020286325365305,
      0.0
    ]
  },
  "setting.solitaire|/home/nathan/jewelryai/components/baskets/basket_04_round.glb|1773514330000000000|818300": {
    "bottom_midpoint": [
      0.0,
      -0.004000000189989805,
      0.0
    ],
    "bounds_max": [
      0.0027187999803572893,
      0.0008335279417224228,
      0.0027187999803572893
    ],
    "bounds_min": [
      -0.0027187999803572893,
      -0.004000000189989805,
      -0.0027187999803572893
    ],
    "midpoint": [
      0.0,
      -0.0015832361241336912,
      0.0
    ],
    "top_midpoint": [
      0.0,
      0.0008335279417224228,
      0.0
    ]
  },
  "setting.solitaire|/home/nathan/jewelryai/components/bezels/bezel_cushion_openheart.glb|1773518745000000000|275908": {
    "bottom_midpoint": [
      0.0,
      -0.0044999998062849045,
      0.0
    ],
    "bounds_max": [
      0.003163167741149664,
      0.0007979277870617807,
      0.003163167741149664
    ],
    "bounds_min": [
      -0.003163167741149664,
      -0.0044999998062849045,
      -0.003163167741149664
    ],
    "midpoint": [
      0.0,
      -0.001851036009611562,
      0.0
    ],
    "top_midpoint": [
      0.0,
      0.0007979277870617807,
      0.0
    ]
  },
  "setting.solitaire|/home/nathan/jewelryai/components/bezels/bezel_marquise_openheart.glb|1773519062000000000|265980": {
    "bottom_midpoint": [
      0.0,
      -0.0044999998062849045,
      0.0
    ],
    "bounds_max": [
      0.002685014856979251,
      0.0006432995432987809,
      0.005348361097276211
    ],
    "bounds_min": [
      -0.002685014856979251,
      -0.0044999998062849045,
      -0.005348361097276211
    ],
    "midpoint": [
      0.0,
      -0.0019283501314930618,
      0.0
    ],
    "top_midpoint": [
      0.0,
      0.0006432995432987809,
      0.0
    ]
  },
  "setting.solitaire|/home/nathan/jewelryai/components/bezels/bezel_oval_openheart.glb|1773518979000000000|294848": {
    "bottom_midpoint": [
      0.0,
      -0.0044999998062849045,
      0.0
    ],
    "bounds_max": [
      0.003058167640119791,
      0.0006899906438775361,
      0.004363167565315962
    ],
    "bounds_min": [
      -0.003058167640119791,
      -0.0044999998062849045,
      -0.004363167565315962
    ],
    "midpoint": [
      0.0,
      -0.0019050045812036842,
      0.0
    ],
    "top_midpoint": [
      0.0,
      0.0006899906438775361,
      0.0
    ]
  },
  "setting.solitaire|/home/nathan/jewelryai/components/bezels/bezel_princess_openheart.glb|1773518869000000000|158840": {
    "bottom_midpoint": [
      4.1979365050792694e-07,
      -0.0044999998062849045,
      0.0
    ],
    "bounds_max": [
      0.00304836081340909,
      0.000632746668998152,
      0.003047521226108074
    ],
    "bounds_min": [
      -0.003047521226108074,
      -0.0044999998062849045,
      -0.003047521226108074
    ],
    "midpoint": [
      4.1979365050792694e-07,
      -0.0019336265686433762,
      0.0
    ],
    "top_midpoint": [
      4.1979365050792694e-07,
      0.000632746668998152,
      0.0
    ]
  },
  "setting.solitaire|/home/nathan/jewelryai/components/bezels/bezel_round.glb|1773516792000000000|347380": {
    "bottom_midpoint": [
      0.0,
      -0.006199999712407589,
      0.0
    ],
    "bounds_max": [
      0.0035419140476733446,
      0.0008335279417224228,
      0.0035419142805039883
    ],
    "bounds_min": [
      -0.0035419140476733446,
      -0.006199999712407589,
      -0.0035419142805039883
    ],
    "midpoint": [
      0.0,
      -0.002683235885342583,
      0.0
    ],
    "top_midpoint": [
      0.0,
      0.0008335279417224228,
      0.0
    ]
  },
  "setting.solitaire|/home/nathan/jewelryai/components/bezels/bezel_round_openheart.glb|1773518613000000000|301504": {
    "bottom_midpoint": [
      0.0,
      -0.0044999998062849045,
      0.0
    ],
    "bounds_max": [
      0.0034631676971912384,
      0.0008335279417224228,
      0.003463167930021882
    ],
    "bounds_min": [
      -0.0034631676971912384,
      -0.0044999998062849045,
      -0.003463167930021882
    ],
    "midpoint": [
      0.0,
      -0.0018332359322812408,
      0.0
    ],
    "top_midpoint": [
      0.0,
      0.0008335279417224228,
      0.0
    ]
  },
  "setting.solitaire|/home/nathan/jewelryai/components/clusters/cluster_09_cushion.glb|1773564001000000000|7342680": {
    "bottom_midpoint": [
      -7.916241884231567e-09,
      -0.003800000064074993,
      -5.174102261662483e-05
    ],
    "bounds_max": [
      0.004645689856261015,
      0.0009777735685929656,
      0.004576484207063913
    ],
    "bounds_min": [
      -0.004645705688744783,
      -0.003800000064074993,
      -0.004679966252297163
    ],
    "midpoint": [
      -7.916241884231567e-09,
      -0.0014111132477410138,
      -5.174102261662483e-05
    ],
    "top_midpoint": [
      -7.916241884231567e-09,
      0.0009777735685929656,
      -5.174102261662483e-05
    ]
  },